{
	" draw": [
		{
			"segment": {
				"from": {
					"x": 40,
					"y": 230
				},
				"to": {
					"x": 80,
					"y": 270
				},
				"color": {
					"r": 115,
					"g": 87,
					"b": 249
				}
			}
		},
		{
			"segment": {
				"from": {
					"x": 80,
					"y": 270
				},
				"to": {
					"x": 300,
					"y": 270
				},
				"color": {
					"r": 175,
					"g": 168,
					"b": 162
				}
			}
		},
		{
			"segment": {
				"from": {
					"x": 300,
					"y": 270
				},
				"to": {
					"x": 350,
					"y": 230
				},
				"color": {
					"r": 251,
					"g": 232,
					"b": 45
				}
			}
		},
		{
			"segment": {
				"from": {
					"x": 350,
					"y": 230
				},
				"to": {
					"x": 40,
					"y": 230
				},
				"color": {
					"r": 176,
					"g": 188,
					"b": 64
				}
			}
		},
		{
			"segment": {
				"from": {
					"x": 180,
					"y": 230
				},
				"to": {
					"x": 170,
					"y": 120
				},
				"color": {
					"r": 199,
					"g": 40,
					"b": 161
				}
			}
		},
		{
			"segment": {
				"from": {
					"x": 170,
					"y": 120
				},
				"to": {
					"x": 220,
					"y": 150
				},
				"color": {
					"r": 88,
					"g": 240,
					"b": 69
				}
			}
		},
		{
			"segment": {
				"from": {
					"x": 220,
					"y": 150
				},
				"to": {
					"x": 180,
					"y": 180
				},
				"color": {
					"r": 229,
					"g": 221,
					"b": 129
				}
			}
		},
		{
			"segment": {
				"from": {
					"x": 40,
					"y": 230
				},
				"to": {
					"x": 40,
					"y": 230
				},
				"color": {
					"r": 159,
					"g": 124,
					"b": 62
				}
			}
		},
		{
			"segment": {
				"from": {
					"x": 40,
					"y": 230
				},
				"to": {
					"x": 40,
					"y": 230
				},
				"color": {
					"r": 61,
					"g": 156,
					"b": 153
				}
			}
		},
		{
			"segment": {
				"from": {
					"x": 40,
					"y": 230
				},
				"to": {
					"x": 40,
					"y": 230
				},
				"color": {
					"r": 144,
					"g": 106,
					"b": 58
				}
			}
		},
		{
			"segment": {
				"from": {
					"x": 40,
					"y": 230
				},
				"to": {
					"x": 40,
					"y": 230
				},
				"color": {
					"r": 127,
					"g": 187,
					"b": 83
				}
			}
		},
		{
			"segment": {
				"from": {
					"x": 40,
					"y": 230
				},
				"to": {
					"x": 40,
					"y": 230
				},
				"color": {
					"r": 28,
					"g": 173,
					"b": 133
				}
			}
		}
	]
}
